ID,Title,Condition
https://www.saramin.co.kr/zf_user/jobs/relay/view?rec_idx=48232349,[주식회사 코그콤] Django 백엔드 개발,서울 서초구 경력 1~8년 대졸↑ 정규직
https://www.saramin.co.kr/zf_user/jobs/relay/view?rec_idx=48141997,"백엔드 개발자 (Python, Django)",서울 강남구 경력 1~10년 학력무관 정규직
https://www.saramin.co.kr/zf_user/jobs/relay/view?rec_idx=47728209,"코박(Cobak) 백엔드 개발자 [3년 이상](Python,Django)",경기전체 경력 3~10년 학력무관 정규직
https://www.saramin.co.kr/zf_user/jobs/relay/view?rec_idx=45931103,"웹개발자(Python, DJango)",서울 성동구 경력 3~5년 학력무관 정규직
https://www.saramin.co.kr/zf_user/jobs/relay/view?rec_idx=48006435,풀스택 엔지니어(Web/Python/Django),서울 마포구 경력 7~15년 학력무관 정규직
https://www.saramin.co.kr/zf_user/jobs/relay/view?rec_idx=47373757,Back-End Engoneer (Python/Django),서울 마포구 경력 2~5년 학력무관 정규직
https://www.saramin.co.kr/zf_user/jobs/relay/view?rec_idx=48223981,도쿄일렉트론코리아 2024년 상반기 채용,경기 화성시 신입·경력 대졸↑ 정규직·인턴직
https://www.saramin.co.kr/zf_user/jobs/relay/view?rec_idx=48076268,2024년 ㈜티시스아이티 부문별 경력사원 모집,서울 중구 경력 초대졸↑ 정규직
https://www.saramin.co.kr/zf_user/jobs/relay/view?rec_idx=48232097,2024년 (주)더캐리 IT인력(정보혁신부) 전 부문 공개채용,서울 강남구 경력무관 대졸↑ 정규직
https://www.saramin.co.kr/zf_user/jobs/relay/view?rec_idx=48171998,[커넥트웨이브] 플레이오토 각 부문별 수시채용(신입/경력),서울 구로구 경력무관 학력무관 정규직
https://www.saramin.co.kr/zf_user/jobs/relay/view?rec_idx=48226543,(주)앰진 IT 백엔드 신입·경력 채용공고,서울 송파구 신입·경력 대졸↑ 정규직
https://www.saramin.co.kr/zf_user/jobs/relay/view?rec_idx=48247192,[대학교 학식예약 야미팀] 개발자 모집,서울 마포구 신입·경력 초대졸↑ 정규직·계약직
https://www.saramin.co.kr/zf_user/jobs/relay/view?rec_idx=48141742,(주)풍인무역 전산팀 경력 채용(시스템 운영/ERP/WEB 개발),서울 강남구 경력무관 초대졸↑ 정규직
https://www.saramin.co.kr/zf_user/jobs/relay/view?rec_idx=48256436,종합병원 EMR 개발(부산) 채용공고,부산 해운대구 경력 학력무관 정규직
https://www.saramin.co.kr/zf_user/jobs/relay/view?rec_idx=47807276,[국비무료IT취업]자바/웹앱/프론트·백엔드/풀스택/빅데이터 외,서울전체 경력무관 학력무관 교육생
https://www.saramin.co.kr/zf_user/jobs/relay/view?rec_idx=48252294,[CAL주식회사/ 일본근무] IT개발자 정사원 채용/ 비전공자 환영,일본 경력무관 초대졸↑ 정규직
https://www.saramin.co.kr/zf_user/jobs/relay/view?rec_idx=48256441,웹 개발 및 시스템 유지 관리(Front/Back-End) 인력 채용,서울 강남구 경력2년↑ 학력무관 정규직
https://www.saramin.co.kr/zf_user/jobs/relay/view?rec_idx=48048993,데이터엔지니어 / 빅데이터 서비스 개발,강원 춘천시 경력무관 학력무관 정규직
https://www.saramin.co.kr/zf_user/jobs/relay/view?rec_idx=47947970,[커넥트웨이브] 다나와 각 부문별 수시채용 (신입/경력),서울 양천구 경력무관 학력무관 정규직
https://www.saramin.co.kr/zf_user/jobs/relay/view?rec_idx=48186768,(주)레인보우로보틱스 웹 개발자 채용,대전 유성구 경력 2~10년 대졸↑ 정규직
https://www.saramin.co.kr/zf_user/jobs/relay/view?rec_idx=48215737,[경력1년이상] 백엔드(Backend) 개발자 모집,서울 서초구 신입·경력 학력무관 정규직
https://www.saramin.co.kr/zf_user/jobs/relay/view?rec_idx=48252952,(지마린서비스) IT 개발자 모집 (프리랜서),부산 동구 경력7년↑ 학력무관 프리랜서
https://www.saramin.co.kr/zf_user/jobs/relay/view?rec_idx=48124938,[패션기업] 비케이브 IT팀 부문별 경력직 채용,서울 마포구 경력2년↑ 초대졸↑ 정규직
https://www.saramin.co.kr/zf_user/jobs/relay/view?rec_idx=48192554,이커머스 솔루션 웹 Frontend 개발자,서울 강남구 신입·경력 학력무관 정규직
https://www.saramin.co.kr/zf_user/jobs/relay/view?rec_idx=48210289,"PGM AI LAB - 웹 개발자, AI 엔지니어 채용",인천 연수구 신입·경력 초대졸↑ 정규직
https://www.saramin.co.kr/zf_user/jobs/relay/view?rec_idx=48042866,(주)대건소프트 서버/프론트엔드 개발자 신입 채용,대전 유성구 신입 초대졸↑ 정규직
https://www.saramin.co.kr/zf_user/jobs/relay/view?rec_idx=48066828,[가산동/주5일] 명품이커머스/ 웹 프론트엔드 개발자 채용,서울 금천구 신입·경력 초대졸↑ 정규직
https://www.saramin.co.kr/zf_user/jobs/relay/view?rec_idx=48246220,선행기술센터 기계 학습 연구원 채용,서울 강남구 경력무관 대졸↑ 정규직
https://www.saramin.co.kr/zf_user/jobs/relay/view?rec_idx=48033743,2023 (주)화성컴퍼니 개발자 채용 공고,"대구 동구 경력무관 학력무관 정규직 3,300 만원"
https://www.saramin.co.kr/zf_user/jobs/relay/view?rec_idx=48202274,Python을 활용한 웹 서비스 개발자 모집,서울 금천구 경력무관 학력무관 정규직
https://www.saramin.co.kr/zf_user/jobs/relay/view?rec_idx=48190888,AI 응용 데이터 관리 시스템 개발,부산 금정구 경력무관 학력무관 정규직
https://www.saramin.co.kr/zf_user/jobs/relay/view?rec_idx=48115406,웹 프론트엔드 & 백엔드 개발자(웹 퍼블리싱) 모집(신입ㆍ경력),서울 금천구 신입·경력 대졸↑ 정규직
https://www.saramin.co.kr/zf_user/jobs/relay/view?rec_idx=48228030,Social Solution 웹 앱 개발자 신입/경력,경기 남양주시 경력무관 초대졸↑ 정규직·계약직
https://www.saramin.co.kr/zf_user/jobs/relay/view?rec_idx=48233674,"앱(AOS-java, kotlin , IOS - Swift , Flutter) 개발자 경력 모",서울 금천구 경력1년↑ 고졸↑ 정규직·계약직
https://www.saramin.co.kr/zf_user/jobs/relay/view?rec_idx=48083463,2024년도 ITCEN 그룹 상시채용 - 개발/분석·설계/AA,서울 서초구 경력3년↑ 학력무관 정규직
https://www.saramin.co.kr/zf_user/jobs/relay/view?rec_idx=47922679,헬스케어 보험심사 개발(부산) 채용공고,부산 해운대구 경력 학력무관 정규직
https://www.saramin.co.kr/zf_user/jobs/relay/view?rec_idx=48251144,++렉스코드 백엔드 개발자 채용++,서울 서초구 경력무관 학력무관 정규직
https://www.saramin.co.kr/zf_user/jobs/relay/view?rec_idx=48249115,[민화샵] 2024년 하반기 경영지원 신입/경력채용,인천 서구 경력무관 초대졸↑ 정규직
https://www.saramin.co.kr/zf_user/jobs/relay/view?rec_idx=48255388,공공 SI 웹개발자(JAVA),세종특별자치시 경력 3~20년 학력무관 정규직
https://www.saramin.co.kr/zf_user/jobs/relay/view?rec_idx=48190805,[신입/경력] 핀테크 웹 개발자 모집,"경기 과천시 경력무관 초대졸↑ 정규직 3,200 만원"
https://www.saramin.co.kr/zf_user/jobs/relay/view?rec_idx=48246084,IT 사업기획 경력직 PM 채용,서울 강남구 경력 5~10년 대졸↑ 정규직
https://www.saramin.co.kr/zf_user/jobs/relay/view?rec_idx=48063794,[코스닥상장사] 백엔드 데이터 수집 개발자 채용(2~5년),서울 강서구 경력 2~5년 학력무관 정규직
https://www.saramin.co.kr/zf_user/jobs/relay/view?rec_idx=48075715,백엔드 개발 경력직 채용,경기 수원시 영통구 경력 2~12년 대졸↑ 정규직
https://www.saramin.co.kr/zf_user/jobs/relay/view?rec_idx=48123094,아이센트릭 개발자 채용,서울 강남구 경력무관 학력무관 정규직
https://www.saramin.co.kr/zf_user/jobs/relay/view?rec_idx=48159589,웹(Web) 개발 정규직 채용,서울 금천구 경력 3~20년 초대졸↑ 정규직
https://www.saramin.co.kr/zf_user/jobs/relay/view?rec_idx=48025345,Backend Engineer(AI Product) 인턴 채용,서울 영등포구 경력무관 대졸↑ 인턴직 210 만원
https://www.saramin.co.kr/zf_user/jobs/relay/view?rec_idx=48226112,"백엔드 개발자 Node.js, Python/5년 이상",서울 강남구 경력 5~10년 대졸↑ 정규직·계약직
https://www.saramin.co.kr/zf_user/jobs/relay/view?rec_idx=48123476,헬스케어 인공지능 회사 - IT 파이썬 자바 경력 개발자,서울 강서구 경력 2~5년 대졸↑ 정규직
https://www.saramin.co.kr/zf_user/jobs/relay/view?rec_idx=48079460,[개발사업부] 개발 리드,서울 강남구 경력 10~15년 학력무관 정규직
https://www.saramin.co.kr/zf_user/jobs/relay/view?rec_idx=48147848,백엔드 개발자 채용,"서울 마포구 경력3년↑ 대졸↑ 정규직 8,000 만원"
https://www.saramin.co.kr/zf_user/jobs/relay/view?rec_idx=47466229,[디어유] 메세징 서비스 개발자 채용,서울 강남구 경력 3~7년 대졸↑ 정규직
https://www.saramin.co.kr/zf_user/jobs/relay/view?rec_idx=48066863,[가산동/주5일] 명품이커머스/ python 백엔드 주니어 개발자 채,서울 금천구 신입·경력 초대졸↑ 정규직
https://www.saramin.co.kr/zf_user/jobs/relay/view?rec_idx=48142300,Account & Community 개발 팀장급 채용,서울 강남구 경력 10~15년 대졸↑ 정규직
https://www.saramin.co.kr/zf_user/jobs/relay/view?rec_idx=48233273,Back-end 개발자 채용,"서울 성동구 경력3년↑ 대졸↑ 정규직 3,000 만원"
https://www.saramin.co.kr/zf_user/jobs/relay/view?rec_idx=47897397,[테크사업부] 백엔드 개발자 채용,서울 강남구 경력 1~10년 대졸↑ 정규직·전문연구요원
https://www.saramin.co.kr/zf_user/jobs/relay/view?rec_idx=48148625,IT개발·데이터(백엔드/WEB프로그래머) 모집 공고,대전 유성구 경력3년↑ 학력무관 정규직·계약직
https://www.saramin.co.kr/zf_user/jobs/relay/view?rec_idx=48220753,앱 개발자,광주 광산구 경력2년↑ 학력무관 정규직
https://www.saramin.co.kr/zf_user/jobs/relay/view?rec_idx=48245139,백엔드 개발자,대전전체 경력 5~20년 학력무관 정규직
https://www.saramin.co.kr/zf_user/jobs/relay/view?rec_idx=46140546,백엔드 개발자,경기전체 경력 3~10년 학력무관 정규직
https://www.saramin.co.kr/zf_user/jobs/relay/view?rec_idx=48048414,백엔드 SW 채용,서울 강남구 경력 2~4년 초대졸↑ 정규직
https://www.saramin.co.kr/zf_user/jobs/relay/view?rec_idx=48088390,"개발 팀장(플랫폼 백엔드, 프론트엔드 개발)",부산전체 경력 8~20년 대졸↑ 정규직
https://www.saramin.co.kr/zf_user/jobs/relay/view?rec_idx=48083661,클라이언트(유니티) SW 채용,서울 강남구 신입·경력 초대졸↑ 정규직
https://www.saramin.co.kr/zf_user/jobs/relay/view?rec_idx=48247079,DevOps/Infrastructure 개발자,경기 성남시 분당구 경력 3~10년 대졸↑ 정규직
https://www.saramin.co.kr/zf_user/jobs/relay/view?rec_idx=48255775,[대학교 학식예약 야미] 개발자 모집(경력),서울 마포구 경력5년↑ 초대졸↑ 정규직·계약직
https://www.saramin.co.kr/zf_user/jobs/relay/view?rec_idx=48226584,[둥지-개발팀] 총괄 앱/웹 개발자 경력직 채용,서울 강남구 경력3년↑ 학력무관 정규직
https://www.saramin.co.kr/zf_user/jobs/relay/view?rec_idx=48231368,[Qualson] BE Engineer,서울 강남구 경력 4~10년 학력무관 정규직
https://www.saramin.co.kr/zf_user/jobs/relay/view?rec_idx=48238269,[오름캠프] 백엔드 과정 서브 강사(계약직),서울 강남구 경력무관 학력무관 계약직
https://www.saramin.co.kr/zf_user/jobs/relay/view?rec_idx=47982395,Python 개발 신입/경력 채용,경기 고양시 일산서구 신입 학력무관 정규직
https://www.saramin.co.kr/zf_user/jobs/relay/view?rec_idx=48226692,서버 파트 부문,서울 강남구 경력 1~2년 고졸↑ 정규직
https://www.saramin.co.kr/zf_user/jobs/relay/view?rec_idx=48245684,Back-end 개발자 (AI 데이터플랫폼) (2년 이상),서울 강남구 경력 2~10년 학력무관 정규직
https://www.saramin.co.kr/zf_user/jobs/relay/view?rec_idx=48144389,[제이엘케이] 백엔드 개발자,서울 강남구 경력 1~4년 대졸↑ 정규직
https://www.saramin.co.kr/zf_user/jobs/relay/view?rec_idx=48062996,Python 백엔드 개발자 모집,경기 수원시 영통구 경력무관 대졸↑ 정규직
https://www.saramin.co.kr/zf_user/jobs/relay/view?rec_idx=48246984,AI기반 콘텐츠 제작 스타트업 서버/플래터 개발자 정규직 채용,경기 성남시 분당구 경력 대졸↑ 정규직
https://www.saramin.co.kr/zf_user/jobs/relay/view?rec_idx=48184670,[론픽] 백앤드 개발자 경력직 채용,부산 해운대구 경력3년↑ 학력무관 정규직
https://www.saramin.co.kr/zf_user/jobs/relay/view?rec_idx=48101621,[딥테크R&D] 백엔드 개발자(Backend Developer) 경력 모집,"부산 기장군 경력무관 학력무관 정규직 4,500 만원"
https://www.saramin.co.kr/zf_user/jobs/relay/view?rec_idx=48212989,앱(AOS&IOS) 개발자 (정규직&계약직) 경력모집,서울 금천구 경력1년↑ 고졸↑ 정규직·계약직
https://www.saramin.co.kr/zf_user/jobs/relay/view?rec_idx=48233675,"웹개발자 경력모집(PHP언어 필수) - (정규직, 계약직)",서울 금천구 경력1년↑ 고졸↑ 정규직·계약직
https://www.saramin.co.kr/zf_user/jobs/relay/view?rec_idx=48249792,[5년 이상 리더급] 풀스택 소프트웨어 엔지니어,서울전체 경력 5~7년 대졸↑ 정규직
https://www.saramin.co.kr/zf_user/jobs/relay/view?rec_idx=48240997,[주식회사 미니레코드] Python 개발,서울전체 경력 3~6년 학력무관 정규직
https://www.saramin.co.kr/zf_user/jobs/relay/view?rec_idx=48031014,[코스닥상장사]백엔드 데이터 수집 개발자 채용(2-5년),서울 강서구 경력 2~5년 학력무관 정규직
https://www.saramin.co.kr/zf_user/jobs/relay/view?rec_idx=48093463,웹 애플리케이션 개발자 경력 채용,경기 성남시 분당구 경력5년↑ 초대졸↑ 정규직
https://www.saramin.co.kr/zf_user/jobs/relay/view?rec_idx=48057525,[카카오자회사] 사내 보안 포털 구축/운영 Back-end 개발자,경기 성남시 분당구 경력 5~11년 학력무관 정규직
https://www.saramin.co.kr/zf_user/jobs/relay/view?rec_idx=48035126,[카카오자회사] 비즈메시지 서비스 Backend 개발,경기 성남시 분당구 경력 3~7년 학력무관 정규직
https://www.saramin.co.kr/zf_user/jobs/relay/view?rec_idx=47920028,[FPT소프트웨어코리아] 2024 글로벌 인턴십 프로그램,아시아·중동 베트남 경력무관 학력무관 인턴직
https://www.saramin.co.kr/zf_user/jobs/relay/view?rec_idx=48214631,서버 및 유지 보수 관리 모집 / 경력 또는 신입,대전 유성구 경력무관 학력무관 정규직·계약직
https://www.saramin.co.kr/zf_user/jobs/relay/view?rec_idx=48255362,웹개발자 경력,세종특별자치시 경력7년↓ 학력무관 정규직
https://www.saramin.co.kr/zf_user/jobs/relay/view?rec_idx=48240976,[클라리파이]기업부설연구소 시스템팀 개발자 채용,서울 종로구 경력무관 대졸↑ 정규직·계약직
https://www.saramin.co.kr/zf_user/jobs/relay/view?rec_idx=48208517,글로벌 결제서비스 프론트엔드(UI/UX) 신입/경력 채용,대구 수성구 경력2년↑ 대졸↑ 정규직
https://www.saramin.co.kr/zf_user/jobs/relay/view?rec_idx=48259655,Software Engineer (Ops),서울 중구 경력무관 대졸↑ 정규직
https://www.saramin.co.kr/zf_user/jobs/relay/view?rec_idx=48055050,아주레포츠 공개 채용,서울 송파구 경력 4~10년 고졸↑ 정규직
https://www.saramin.co.kr/zf_user/jobs/relay/view?rec_idx=48255068,[위시켓] CS/CX 매니저를 모십니다,서울 강남구 신입·경력 학력무관 정규직
https://www.saramin.co.kr/zf_user/jobs/relay/view?rec_idx=48215885,"구매부(외자, 내자) 정규 사원 채용",인천 서구 경력무관 초대졸↑ 정규직
https://www.saramin.co.kr/zf_user/jobs/relay/view?rec_idx=48091921,[국가공인 시험소] 프로젝트 관리부 채용,경기 군포시 신입·경력 초대졸↑ 정규직
https://www.saramin.co.kr/zf_user/jobs/relay/view?rec_idx=48080950,정규직 채용 / 시험 인증 업무 / 국가공인 시험기관,경기 군포시 신입·경력 초대졸↑ 정규직
https://www.saramin.co.kr/zf_user/jobs/relay/view?rec_idx=48167510,"웹디자인, 미디어콘텐츠디자이너 구인합니다 (1명)","인천 미추홀구 경력무관 학력무관 정규직 3,000 만원"
https://www.saramin.co.kr/zf_user/jobs/relay/view?rec_idx=48186792,[자율주행/서울] Robotics SW Engineer,서울 성동구 경력5년↑ 대졸↑ 정규직
https://www.saramin.co.kr/zf_user/jobs/relay/view?rec_idx=48182729,[삼성계열 SW 전문기업] Openstack 클라우드 플랫폼 B/E 개발,서울 강남구 경력 3~15년 대졸↑ 정규직
https://www.saramin.co.kr/zf_user/jobs/relay/view?rec_idx=48034611,Data Service팀 백엔드 개발자 경력직 채용,서울 구로구 경력5년↑ 대졸↑ 정규직
https://www.saramin.co.kr/zf_user/jobs/relay/view?rec_idx=47879342,[생성형 AI 활용 솔루션 기업] 풀스택 개발자(경력직) 초빙,경기 성남시 수정구 경력7년↑ 학력무관 정규직
https://www.saramin.co.kr/zf_user/jobs/relay/view?rec_idx=48081139,[아크릴] 백엔드 개발자 경력직 채용 (팀원급 및 팀장급),서울 강남구 경력3년↑ 대졸↑ 정규직
https://www.saramin.co.kr/zf_user/jobs/relay/view?rec_idx=47581906,백엔드 개발자 (Node.js),서울 강남구 경력 5~10년 대졸↑ 정규직
https://www.saramin.co.kr/zf_user/jobs/relay/view?rec_idx=48192930,[채용] 웹커뮤니티 개발 프런트/백엔드 개발자 모집(경력),경기 성남시 분당구 경력7년↑ 학력무관 정규직
https://www.saramin.co.kr/zf_user/jobs/relay/view?rec_idx=46604451,[파운트/핀테크] RA(로보어드바이저) 백엔드 개발자(Python),서울 중구 경력 4~8년 학력무관 정규직
https://www.saramin.co.kr/zf_user/jobs/relay/view?rec_idx=47943096,(주)에프디테크 풀스택 개발자 채용,강원 원주시 경력무관 대졸↑ 정규직
https://www.saramin.co.kr/zf_user/jobs/relay/view?rec_idx=48024334,LLM 엔지니어 및 서비스개발 채용,서울 구로구 경력3년↑ 대졸↑ 정규직
https://www.saramin.co.kr/zf_user/jobs/relay/view?rec_idx=48049163,클라우드 관리 솔루션 개발 경력사원 영입,서울 구로구 경력3년↑ 대졸↑ 정규직
https://www.saramin.co.kr/zf_user/jobs/relay/view?rec_idx=47730436,이커머스 솔루션 Python Backend 개발자,서울 강남구 경력 3~7년 학력무관 정규직
https://www.saramin.co.kr/zf_user/jobs/relay/view?rec_idx=48263061,Junior Backend Engineer · AI Platform,서울 강남구 경력 1~3년 학력무관 정규직
https://www.saramin.co.kr/zf_user/jobs/relay/view?rec_idx=46246037,[코스닥 상장사] 서버 개발 실장 채용,서울 강남구 경력 10~15년 대졸↑ 정규직
https://www.saramin.co.kr/zf_user/jobs/relay/view?rec_idx=48197153,[인재풀] LLM 기반 AI 서비스 개발 프리랜서 상시 모집,서울 중구 경력3년↑ 대졸↑ 프리랜서
https://www.saramin.co.kr/zf_user/jobs/relay/view?rec_idx=48158864,(주)미로 기업부설연구소 병역특례 전문연구요원 모집,인천 연수구 경력무관 석사↑ 정규직·전문연구요원
https://www.saramin.co.kr/zf_user/jobs/relay/view?rec_idx=48089666,웹개발자 (JAVA PYTHON) 경력 채용,서울 금천구 경력 초대졸↑ 정규직·계약직
https://www.saramin.co.kr/zf_user/jobs/relay/view?rec_idx=48111497,[테크사업부] 데이터 엔지니어 채용,서울 강남구 경력 1~3년 대졸↑ 정규직
https://www.saramin.co.kr/zf_user/jobs/relay/view?rec_idx=48159045,[테크사업부] 시니어 QA 엔지니어 채용,서울 강남구 경력 7~20년 대졸↑ 정규직·전문연구요원
https://www.saramin.co.kr/zf_user/jobs/relay/view?rec_idx=47663964,Backend Engineer (전문연구요원 가능),경기전체 경력 2~10년 석사↑ 정규직
https://www.saramin.co.kr/zf_user/jobs/relay/view?rec_idx=48198614,앱 개발자 구인 / 광주,"광주 광산구 경력2년↑ 초대졸↑ 정규직 5,000 만원"
https://www.saramin.co.kr/zf_user/jobs/relay/view?rec_idx=48210239,프론트엔드 - 모바일 앱 / 광주 광산구,"광주 광산구 경력 4~10년 대졸↑ 정규직 5,000 만원"
https://www.saramin.co.kr/zf_user/jobs/relay/view?rec_idx=47958179,경력직 Front Back end 개발자 채용 경력 채용,경기 성남시 분당구 경력3년↑ 대졸↑ 정규직
https://www.saramin.co.kr/zf_user/jobs/relay/view?rec_idx=47893637,[일상의감동] 플랫폼 서버 개발 경력직 모집,경기 수원시 영통구 경력2년↑ 학력무관 정규직
https://www.saramin.co.kr/zf_user/jobs/relay/view?rec_idx=48197901,(주)버블콘 Python 개발자 채용,서울 구로구 경력 3~5년 초대졸↑ 정규직
https://www.saramin.co.kr/zf_user/jobs/relay/view?rec_idx=48230305,[IT/개발자] Backend Engineer,서울 중구 경력7년↑ 대졸↑ 정규직
https://www.saramin.co.kr/zf_user/jobs/relay/view?rec_idx=48261783,[IT/엔지니어] Test Automation Engineer,서울 중구 경력1년↑ 대졸↑ 정규직
https://www.saramin.co.kr/zf_user/jobs/relay/view?rec_idx=48262360,[IT/개발자] Backend Engineer - 1,서울 중구 경력2년↑ 대졸↑ 정규직
https://www.saramin.co.kr/zf_user/jobs/relay/view?rec_idx=48196675,python 개발자(5년 이상),서울 서초구 경력3년↑ 학력무관 정규직
https://www.saramin.co.kr/zf_user/jobs/relay/view?rec_idx=48192486,앱 개발자 (전라도 광주),"광주 광산구 경력 2~3년 대졸↑ 정규직 4,500 만원"
https://www.saramin.co.kr/zf_user/jobs/relay/view?rec_idx=48261158,개발 팀장(7년 이상),서울 강남구 경력 7~15년 초대졸↑ 정규직
https://www.saramin.co.kr/zf_user/jobs/relay/view?rec_idx=48042007,[AInation] 인공지능 백앤드(Back-End) 개발자 모집 (경력),서울 서초구 경력 3~20년 대졸↑ 정규직
https://www.saramin.co.kr/zf_user/jobs/relay/view?rec_idx=48092628,전문 건설 인력 중개 플랫폼 개발리더(CTO) 모집,경북 구미시 경력 5~20년 학력무관 정규직
https://www.saramin.co.kr/zf_user/jobs/relay/view?rec_idx=48160213,(PLAINBIT) 백엔드 개발자 경력 채용,경기 성남시 분당구 경력3년↑ 학력무관 정규직
https://www.saramin.co.kr/zf_user/jobs/relay/view?rec_idx=48188390,글로벌 금융 기업 Python Development : Global Project Leader,서울 종로구 경력5년↑ 대졸↑ 정규직
https://www.saramin.co.kr/zf_user/jobs/relay/view?rec_idx=48233711,[AI센터] 비전 관련 얼굴생성 연구개발 담당/세계적 게임사,경기 성남시 분당구 경력2년↑ 대졸↑ 정규직
https://www.saramin.co.kr/zf_user/jobs/relay/view?rec_idx=48263092,웹/앱 개발자,서울 강남구 경력 3~25년 학력무관 정규직
https://www.saramin.co.kr/zf_user/jobs/relay/view?rec_idx=48263120,데이터 엔지니어,서울 강남구 경력 3~20년 학력무관 정규직
https://www.saramin.co.kr/zf_user/jobs/relay/view?rec_idx=47825101,DevOps Engineer,서울 강남구 경력 3~10년 학력무관 정규직
https://www.saramin.co.kr/zf_user/jobs/relay/view?rec_idx=48218252,공공 프로젝트 개발자 채용 공고,경기 안양시 동안구 경력1년↑ 학력무관 정규직·계약직
https://www.saramin.co.kr/zf_user/jobs/relay/view?rec_idx=48095107,Backend Engineer(5년 이상),서울 강남구 경력 5~8년 고졸↑ 정규직
https://www.saramin.co.kr/zf_user/jobs/relay/view?rec_idx=48072077,웹/서버 SW 개발자 5년~7년 (Legal Startup) 채용,서울 성동구 경력 5~7년 고졸↑ 정규직
https://www.saramin.co.kr/zf_user/jobs/relay/view?rec_idx=45861184,백엔드 개발자,서울 강남구 경력 3~10년 학력무관 정규직
https://www.saramin.co.kr/zf_user/jobs/relay/view?rec_idx=48103060,REACT 개발자 (경력) 채용 신입/경력 채용,충남 천안시 동남구 경력 학력무관 정규직
https://www.saramin.co.kr/zf_user/jobs/relay/view?rec_idx=48126747,Python 백엔드 경력자 채용,서울 송파구 경력 학력무관 정규직
https://www.saramin.co.kr/zf_user/jobs/relay/view?rec_idx=48195988,[풀림] 백엔드 개발자 채용,인천전체 경력 3~10년 대졸↑ 정규직
https://www.saramin.co.kr/zf_user/jobs/relay/view?rec_idx=48213313,"파이썬 개발자 경력 모집공고 - 정규직, 계약직",서울 금천구 경력1년↑ 고졸↑ 정규직·파트
https://www.saramin.co.kr/zf_user/jobs/relay/view?rec_idx=48195966,[풀림] 풀스택 개발자 채용,인천전체 경력 3~15년 학력무관 정규직
https://www.saramin.co.kr/zf_user/jobs/relay/view?rec_idx=48249470,개발 백엔드 개발자 채용(경력직 5년이상),서울 강남구 경력 5~10년 고졸↑ 정규직
https://www.saramin.co.kr/zf_user/jobs/relay/view?rec_idx=46780151,[전문연구요원 가능] Runtime 소프트웨어 엔지니어 채용,서울 강남구 신입·경력 고졸↑ 정규직
https://www.saramin.co.kr/zf_user/jobs/relay/view?rec_idx=48020107,(전문연구요원 가능) Runtime 소프트웨어 엔지니어,서울 강남구 경력무관 학력무관 정규직
https://www.saramin.co.kr/zf_user/jobs/relay/view?rec_idx=48095013,(SaaS) 백엔드 개발자 (경력),서울 용산구 경력3년↑ 대졸↑ 정규직
https://www.saramin.co.kr/zf_user/jobs/relay/view?rec_idx=48263667,[(주)에이젠글로벌] Python BackEnd Developer,서울전체 경력 5~20년 대졸↑ 정규직
https://www.saramin.co.kr/zf_user/jobs/relay/view?rec_idx=48036927,[토스] Full Stack Developer (InfraOps),서울 강남구 경력무관 학력무관 정규직
https://www.saramin.co.kr/zf_user/jobs/relay/view?rec_idx=48020165,반도체 장비의 공정 데이터 분석 시스템 개발자(Python),경기 성남시 분당구 경력 5~15년 학력무관 정규직
https://www.saramin.co.kr/zf_user/jobs/relay/view?rec_idx=48148248,AI 개발자 모집(기업부설연구소) 경력 채용,대전 유성구 경력2년↑ 초대졸↑ 정규직·계약직
https://www.saramin.co.kr/zf_user/jobs/relay/view?rec_idx=48082026,[(주)가이온] 가상화 엔지니어 경력직 채용,서울 강남구 경력5년↑ 학력무관 정규직
https://www.saramin.co.kr/zf_user/jobs/relay/view?rec_idx=48060859,[경력] Back-end 개발자 채용(내일채움공제가능),서울 송파구 경력5년↑ 대졸↑ 정규직·전문연구요원
https://www.saramin.co.kr/zf_user/jobs/relay/view?rec_idx=48063575,인공위성기업 [루미르] 백엔드 프론트엔드 개발 채용,경기 용인시 수지구 경력무관 대졸↑ 정규직
https://www.saramin.co.kr/zf_user/jobs/relay/view?rec_idx=48233668,"파이썬 개발자 경력 채용 - 정규직, 계약직",서울 금천구 경력1년↑ 고졸↑ 정규직·기간제
https://www.saramin.co.kr/zf_user/jobs/relay/view?rec_idx=48155059,백엔드 개발자 채용 [mongoDB경험자필수],서울 성동구 경력3년↑ 초대졸↑ 정규직
https://www.saramin.co.kr/zf_user/jobs/relay/view?rec_idx=48262602,[강남] AI 인프라 솔루션 전문기업 백엔드 웹 개발자,서울 서초구 경력 7~15년 대졸↑ 정규직
https://www.saramin.co.kr/zf_user/jobs/relay/view?rec_idx=48067723,[위시켓] 프로젝트 컨설팅 매니저를 모십니다.,서울 강남구 경력 1~3년 학력무관 정규직·계약직
https://www.saramin.co.kr/zf_user/jobs/relay/view?rec_idx=47856349,(주)이노제닉스 IT직군 연구원 모집,경기 하남시 경력4년↑ 학력무관 계약직
https://www.saramin.co.kr/zf_user/jobs/relay/view?rec_idx=48136330,개발 백엔드 개발자 채용(경력직 5년이상),서울 강남구 경력5년↑ 학력무관 정규직
